Workbook

Sheet PL2_Horarios
A1: No | B1: COD_CATE | C1: COD_ASIG | D1: ASIGNATURA | E1: SECCION | F1: HORARIO | G1: DURACION | H1: DIAS | I1: MODALIDAD | J1: TIT | K1: DOCENTE | L1: ID_DOCENTE
A2: 1 | B2: DES | C2: ADCC-I | D2: Administración De Centros De Cómputo | E2: 01 | F2: 20:30-22:00 | G2: 90 min | H2: Lu-Mi | I2: EN LÍNEA | J2: =IFERROR(VLOOKUP(K2,Docentes_Lista!$A$2:$C$212,2,FALSE),"") -> 0 | L2: =IFERROR(VLOOKUP(K2,Docentes_Lista!$A$2:$C$212,3,FALSE),"") -> 0
A3: 2 | B3: DES | C3: ADCC-I | D3: Administración De Centros De Cómputo | E3: 01 | F3: 06:30-08:00 | G3: 90 min | H3: Ju-Ma | I3: EN LÍNEA | J3: =IFERROR(VLOOKUP(K3,Docentes_Lista!$A$2:$C$212,2,FALSE),"") -> 0 | L3: =IFERROR(VLOOKUP(K3,Docentes_Lista!$A$2:$C$212,3,FALSE),"") -> 0
A4: 3 | B4: DES | C4: ADCC-V | D4: Administración De Centros De Cómputo | E4: 01 | F4: 00:00-23:59 | H4: Do-Ju-Lu-Ma-Mi-Sa-Vi | I4: AULA VIRTUAL | J4: =IFERROR(VLOOKUP(K4,Docentes_Lista!$A$2:$C$212,2,FALSE),"") -> 0 | L4: =IFERROR(VLOOKUP(K4,Docentes_Lista!$A$2:$C$212,3,FALSE),"") -> 0
A5: 4 | B5: PRO | C5: ALG1-E | D5: Algoritmos I | E5: 01 | F5: 09:45-11:15 | G5: 90 min | H5: Lu-Vi | I5: PRESENCIAL | J5: =IFERROR(VLOOKUP(K5,Docentes_Lista!$A$2:$C$212,2,FALSE),"") -> 0 | L5: =IFERROR(VLOOKUP(K5,Docentes_Lista!$A$2:$C$212,3,FALSE),"") -> 0
A6: 5 | B6: PRO | C6: ALG1-E | D6: Algoritmos I | E6: 02 | F6: 18:40-20:10 | G6: 90 min | H6: Lu-Mi | I6: PRESENCIAL | J6: =IFERROR(VLOOKUP(K6,Docentes_Lista!$A$2:$C$212,2,FALSE),"") -> 0 | L6: =IFERROR(VLOOKUP(K6,Docentes_Lista!$A$2:$C$212,3,FALSE),"") -> 0
A7: 6 | B7: PRO | C7: ALG1-V | D7: Algoritmos I | E7: 03 | F7: 00:00-23:59 | H7: Do-Ju-Lu-Ma-Mi-Sa-Vi | I7: AULA VIRTUAL | J7: =IFERROR(VLOOKUP(K7,Docentes_Lista!$A$2:$C$212,2,FALSE),"") -> 0 | L7: =IFERROR(VLOOKUP(K7,Docentes_Lista!$A$2:$C$212,3,FALSE),"") -> 0
A8: 7 | B8: RED | C8: ARTE-V | D8: Administración De Recursos Tecnológicos (virtual) | E8: 01 | F8: 00:00-23:59 | H8: Do-Ju-Lu-Ma-Mi-Sa-Vi | I8: AULA VIRTUAL | J8: =IFERROR(VLOOKUP(K8,Docentes_Lista!$A$2:$C$212,2,FALSE),"") -> 0 | L8: =IFERROR(VLOOKUP(K8,Docentes_Lista!$A$2:$C$212,3,FALSE),"") -> 0
A9: 8 | B9: DES | C9: AUDS-V | D9: Auditoría De Sistemas | E9: 01 | F9: 00:00-23:59 | H9: Do-Ju-Lu-Ma-Mi-Sa-Vi | I9: AULA VIRTUAL | J9: =IFERROR(VLOOKUP(K9,Docentes_Lista!$A$2:$C$212,2,FALSE),"") -> 0 | L9: =IFERROR(VLOOKUP(K9,Docentes_Lista!$A$2:$C$212,3,FALSE),"") -> 0
A10: 9 | B10: DES | C10: BAS1-I | D10: Bases De Datos I | E10: 01 | F10: 08:00-09:30 | G10: 90 min | H10: Lu-Vi | I10: PRESENCIAL | J10: =IFERROR(VLOOKUP(K10,Docentes_Lista!$A$2:$C$212,2,FALSE),"") -> 0 | L10: =IFERROR(VLOOKUP(K10,Docentes_Lista!$A$2:$C$212,3,FALSE),"") -> 0
A11: 10 | B11: DES | C11: BAS1-I | D11: Bases De Datos I | E11: 03 | F11: 18:40-20:10 | G11: 90 min | H11: Lu-Mi | I11: PRESENCIAL | J11: =IFERROR(VLOOKUP(K11,Docentes_Lista!$A$2:$C$212,2,FALSE),"") -> 0 | L11: =IFERROR(VLOOKUP(K11,Docentes_Lista!$A$2:$C$212,3,FALSE),"") -> 0
A12: 11 | B12: DES | C12: BAS1-I | D12: Bases De Datos I | E12: 02 | F12: 17:00-18:30 | G12: 90 min | H12: Ju-Ma | I12: PRESENCIAL | J12: =IFERROR(VLOOKUP(K12,Docentes_Lista!$A$2:$C$212,2,FALSE),"") -> 0 | L12: =IFERROR(VLOOKUP(K12,Docentes_Lista!$A$2:$C$212,3,FALSE),"") -> 0
A13: 12 | B13: DES | C13: BAS1-I | D13: Bases De Datos I | E13: 04 | F13: 07:00-10:00 | G13: 180 min | H13: Do | I13: PRESENCIAL | J13: =IFERROR(VLOOKUP(K13,Docentes_Lista!$A$2:$C$212,2,FALSE),"") -> 0 | L13: =IFERROR(VLOOKUP(K13,Docentes_Lista!$A$2:$C$212,3,FALSE),"") -> 0
A14: 13 | B14: DES | C14: BAS1-V | D14: Base De Datos I | E14: 01 | F14: 00:00-23:59 | H14: Do-Ju-Lu-Ma-Mi-Sa-Vi | I14: AULA VIRTUAL | J14: =IFERROR(VLOOKUP(K14,Docentes_Lista!$A$2:$C$212,2,FALSE),"") -> 0 | L14: =IFERROR(VLOOKUP(K14,Docentes_Lista!$A$2:$C$212,3,FALSE),"") -> 0
A15: 14 | B15: DES | C15: BAS1-V | D15: Base De Datos I | E15: 02 | F15: 00:00-23:59 | H15: Do-Ju-Lu-Ma-Mi-Sa-Vi | I15: AULA VIRTUAL | J15: =IFERROR(VLOOKUP(K15,Docentes_Lista!$A$2:$C$212,2,FALSE),"") -> 0 | L15: =IFERROR(VLOOKUP(K15,Docentes_Lista!$A$2:$C$212,3,FALSE),"") -> 0
A16: 15 | B16: DES | C16: BAS2-I | D16: Base De Datos II | E16: 03 | F16: 18:40-20:10 | G16: 90 min | H16: Lu-Mi | I16: EN LÍNEA | J16: =IFERROR(VLOOKUP(K16,Docentes_Lista!$A$2:$C$212,2,FALSE),"") -> 0 | L16: =IFERROR(VLOOKUP(K16,Docentes_Lista!$A$2:$C$212,3,FALSE),"") -> 0
A17: 16 | B17: DES | C17: BAS2-I | D17: Base De Datos II | E17: 04 | F17: 20:30-22:00 | G17: 90 min | H17: Lu-Mi | I17: EN LÍNEA | J17: =IFERROR(VLOOKUP(K17,Docentes_Lista!$A$2:$C$212,2,FALSE),"") -> 0 | L17: =IFERROR(VLOOKUP(K17,Docentes_Lista!$A$2:$C$212,3,FALSE),"") -> 0
A18: 17 | B18: DES | C18: BAS2-I | D18: Base De Datos II | E18: 02 | F18: 09:45-11:15 | G18: 90 min | H18: Ju-Ma | I18: EN LÍNEA | J18: =IFERROR(VLOOKUP(K18,Docentes_Lista!$A$2:$C$212,2,FALSE),"") -> 0 | L18: =IFERROR(VLOOKUP(K18,Docentes_Lista!$A$2:$C$212,3,FALSE),"") -> 0
A19: 18 | B19: DES | C19: BAS2-I | D19: Base De Datos II | E19: 01 | F19: 06:30-08:00 | G19: 90 min | H19: Mi-Sa | I19: EN LÍNEA | J19: =IFERROR(VLOOKUP(K19,Docentes_Lista!$A$2:$C$212,2,FALSE),"") -> 0 | L19: =IFERROR(VLOOKUP(K19,Docentes_Lista!$A$2:$C$212,3,FALSE),"") -> 0
A20: 19 | B20: DES | C20: BAS2-V | D20: Base De Datos II | E20: 01 | F20: 00:00-23:59 | H20: Do-Ju-Lu-Ma-Mi-Sa-Vi | I20: AULA VIRTUAL | J20: =IFERROR(VLOOKUP(K20,Docentes_Lista!$A$2:$C$212,2,FALSE),"") -> 0 | L20: =IFERROR(VLOOKUP(K20,Docentes_Lista!$A$2:$C$212,3,FALSE),"") -> 0
A21: 20 | B21: ELE | C21: CIDI-V | D21: Sistemas Digitales (virtual) | E21: 01 | F21: 00:00-23:59 | H21: Do-Ju-Lu-Ma-Mi-Sa-Vi | I21: AULA VIRTUAL | J21: =IFERROR(VLOOKUP(K21,Docentes_Lista!$A$2:$C$212,2,FALSE),"") -> 0 | L21: =IFERROR(VLOOKUP(K21,Docentes_Lista!$A$2:$C$212,3,FALSE),"") -> 0
A22: 21 | B22: DES | C22: DPWEB-V | D22: Desarrollo De La Plataforma Web | E22: 01 | F22: 00:00-23:59 | H22: Do-Ju-Lu-Ma-Mi-Sa-Vi | I22: AULA VIRTUAL | J22: =IFERROR(VLOOKUP(K22,Docentes_Lista!$A$2:$C$212,2,FALSE),"") -> 0 | L22: =IFERROR(VLOOKUP(K22,Docentes_Lista!$A$2:$C$212,3,FALSE),"") -> 0
A23: 22 | B23: DES | C23: DPWEB-V | D23: Desarrollo De La Plataforma Web | E23: 02 | F23: 00:00-23:59 | H23: Do-Ju-Lu-Ma-Mi-Sa-Vi | I23: AULA VIRTUAL | J23: =IFERROR(VLOOKUP(K23,Docentes_Lista!$A$2:$C$212,2,FALSE),"") -> 0 | L23: =IFERROR(VLOOKUP(K23,Docentes_Lista!$A$2:$C$212,3,FALSE),"") -> 0
A24: 23 | B24: ELE | C24: ELE1-V | D24: Electrónica (virtual) | E24: 01 | F24: 00:00-23:59 | H24: Do-Ju-Lu-Ma-Mi-Sa-Vi | I24: AULA VIRTUAL | J24: =IFERROR(VLOOKUP(K24,Docentes_Lista!$A$2:$C$212,2,FALSE),"") -> 0 | L24: =IFERROR(VLOOKUP(K24,Docentes_Lista!$A$2:$C$212,3,FALSE),"") -> 0
A25: 24 | B25: DES | C25: ESPRO-V | D25: Estándares De Programación | E25: 01 | F25: 00:00-23:59 | H25: Do-Ju-Lu-Ma-Mi-Sa-Vi | I25: AULA VIRTUAL | J25: =IFERROR(VLOOKUP(K25,Docentes_Lista!$A$2:$C$212,2,FALSE),"") -> 0 | L25: =IFERROR(VLOOKUP(K25,Docentes_Lista!$A$2:$C$212,3,FALSE),"") -> 0
A26: 25 | B26: DES | C26: ETPS1-V | D26: Técnicas De Producción Industrial De Software I | E26: 01 | F26: 00:00-23:59 | H26: Do-Ju-Lu-Ma-Mi-Sa-Vi | I26: AULA VIRTUAL | J26: =IFERROR(VLOOKUP(K26,Docentes_Lista!$A$2:$C$212,2,FALSE),"") -> 0 | L26: =IFERROR(VLOOKUP(K26,Docentes_Lista!$A$2:$C$212,3,FALSE),"") -> 0
A27: 26 | B27: DES | C27: ETPS2-V | D27: Técnicas De Producción Industrial De Software II | E27: 01 | F27: 00:00-23:59 | H27: Do-Ju-Lu-Ma-Mi-Sa-Vi | I27: AULA VIRTUAL | J27: =IFERROR(VLOOKUP(K27,Docentes_Lista!$A$2:$C$212,2,FALSE),"") -> 0 | L27: =IFERROR(VLOOKUP(K27,Docentes_Lista!$A$2:$C$212,3,FALSE),"") -> 0
A28: 27 | B28: DES | C28: ETPS3-T | D28: Técnicas De Calidad De Software | E28: 01 | F28: 06:30-08:00 | G28: 90 min | H28: Lu-Vi | I28: PRESENCIAL | J28: =IFERROR(VLOOKUP(K28,Docentes_Lista!$A$2:$C$212,2,FALSE),"") -> 0 | L28: =IFERROR(VLOOKUP(K28,Docentes_Lista!$A$2:$C$212,3,FALSE),"") -> 0
A29: 28 | B29: DES | C29: ETPS3-V | D29: Técnicas De Calidad De Software | E29: 01 | F29: 00:00-23:59 | H29: Do-Ju-Lu-Ma-Mi-Sa-Vi | I29: AULA VIRTUAL | J29: =IFERROR(VLOOKUP(K29,Docentes_Lista!$A$2:$C$212,2,FALSE),"") -> 0 | L29: =IFERROR(VLOOKUP(K29,Docentes_Lista!$A$2:$C$212,3,FALSE),"") -> 0
A30: 29 | B30: DES | C30: ETPS4-V | D30: Normas Y Estándares Internacionales | E30: 01 | F30: 00:00-23:59 | H30: Do-Ju-Lu-Ma-Mi-Sa-Vi | I30: AULA VIRTUAL | J30: =IFERROR(VLOOKUP(K30,Docentes_Lista!$A$2:$C$212,2,FALSE),"") -> 0 | L30: =IFERROR(VLOOKUP(K30,Docentes_Lista!$A$2:$C$212,3,FALSE),"") -> 0
A31: 30 | B31: RED | C31: ETS1-V | D31: Desarrollo De Redes De Datos I (et1) (virtual) | E31: 01 | F31: 00:00-23:59 | H31: Do-Ju-Lu-Ma-Mi-Sa-Vi | I31: AULA VIRTUAL | J31: =IFERROR(VLOOKUP(K31,Docentes_Lista!$A$2:$C$212,2,FALSE),"") -> 0 | L31: =IFERROR(VLOOKUP(K31,Docentes_Lista!$A$2:$C$212,3,FALSE),"") -> 0
A32: 31 | B32: RED | C32: ETS2-V | D32: Desarrollo De Redes De Datos II (et2) (virtual) | E32: 01 | F32: 00:00-23:59 | H32: Do-Ju-Lu-Ma-Mi-Sa-Vi | I32: AULA VIRTUAL | J32: =IFERROR(VLOOKUP(K32,Docentes_Lista!$A$2:$C$212,2,FALSE),"") -> 0 | L32: =IFERROR(VLOOKUP(K32,Docentes_Lista!$A$2:$C$212,3,FALSE),"") -> 0
A33: 32 | B33: RED | C33: ETS3-T | D33: Desarrollo De Redes De Datos III | E33: 01 | F33: 06:30-08:00 | G33: 90 min | H33: Lu-Vi | I33: PRESENCIAL | J33: =IFERROR(VLOOKUP(K33,Docentes_Lista!$A$2:$C$212,2,FALSE),"") -> 0 | L33: =IFERROR(VLOOKUP(K33,Docentes_Lista!$A$2:$C$212,3,FALSE),"") -> 0
A34: 33 | B34: RED | C34: ETS3-V | D34: Desarrollo De Redes De Datos III (et3) (virtual) | E34: 01 | F34: 00:00-23:59 | H34: Do-Ju-Lu-Ma-Mi-Sa-Vi | I34: AULA VIRTUAL | J34: =IFERROR(VLOOKUP(K34,Docentes_Lista!$A$2:$C$212,2,FALSE),"") -> 0 | L34: =IFERROR(VLOOKUP(K34,Docentes_Lista!$A$2:$C$212,3,FALSE),"") -> 0
A35: 34 | B35: RED | C35: ETS4-V | D35: Desarrollo De Redes De Datos IV (et4) (virtual) | E35: 01 | F35: 00:00-23:59 | H35: Do-Ju-Lu-Ma-Mi-Sa-Vi | I35: AULA VIRTUAL | J35: =IFERROR(VLOOKUP(K35,Docentes_Lista!$A$2:$C$212,2,FALSE),"") -> 0 | L35: =IFERROR(VLOOKUP(K35,Docentes_Lista!$A$2:$C$212,3,FALSE),"") -> 0
A36: 35 | B36: ELE | C36: IACI-I | D36: Introducción Al Análisis De Circuitos | E36: 01 | F36: 06:30-08:00 | G36: 90 min | H36: Lu-Vi | I36: PRESENCIAL | J36: =IFERROR(VLOOKUP(K36,Docentes_Lista!$A$2:$C$212,2,FALSE),"") -> 0 | L36: =IFERROR(VLOOKUP(K36,Docentes_Lista!$A$2:$C$212,3,FALSE),"") -> 0
A37: 36 | B37: ELE | C37: IACI-I | D37: Introducción Al Análisis De Circuitos | E37: 02 | F37: 10:00-13:00 | G37: 180 min | H37: Do | I37: PRESENCIAL | J37: =IFERROR(VLOOKUP(K37,Docentes_Lista!$A$2:$C$212,2,FALSE),"") -> 0 | L37: =IFERROR(VLOOKUP(K37,Docentes_Lista!$A$2:$C$212,3,FALSE),"") -> 0
A38: 37 | B38: ELE | C38: IACI-V | D38: Introducción Al Análisis De Circuitos (virtual) | E38: 01 | F38: 00:00-23:59 | H38: Do-Ju-Lu-Ma-Mi-Sa-Vi | I38: AULA VIRTUAL | J38: =IFERROR(VLOOKUP(K38,Docentes_Lista!$A$2:$C$212,2,FALSE),"") -> 0 | L38: =IFERROR(VLOOKUP(K38,Docentes_Lista!$A$2:$C$212,3,FALSE),"") -> 0
A39: 38 | B39: ELE | C39: INER-T | D39: Instalaciones Eléctricas Residenciales | E39: 01 | F39: 18:40-20:10 | G39: 90 min | H39: Lu-Mi | I39: EN LÍNEA | J39: =IFERROR(VLOOKUP(K39,Docentes_Lista!$A$2:$C$212,2,FALSE),"") -> 0 | L39: =IFERROR(VLOOKUP(K39,Docentes_Lista!$A$2:$C$212,3,FALSE),"") -> 0
A40: 39 | B40: RED | C40: INF1-I | D40: Informática | E40: 01 | F40: 06:30-08:00 | G40: 90 min | H40: Lu-Vi | I40: EN LÍNEA | J40: =IFERROR(VLOOKUP(K40,Docentes_Lista!$A$2:$C$212,2,FALSE),"") -> 0 | L40: =IFERROR(VLOOKUP(K40,Docentes_Lista!$A$2:$C$212,3,FALSE),"") -> 0
A41: 40 | B41: RED | C41: INF1-I | D41: Informática | E41: 04 | F41: 08:00-09:30 | G41: 90 min | H41: Lu-Vi | I41: EN LÍNEA | J41: =IFERROR(VLOOKUP(K41,Docentes_Lista!$A$2:$C$212,2,FALSE),"") -> 0 | L41: =IFERROR(VLOOKUP(K41,Docentes_Lista!$A$2:$C$212,3,FALSE),"") -> 0
A42: 41 | B42: RED | C42: INF1-I | D42: Informática | E42: 06 | F42: 09:45-11-15 | H42: Lu-Vi | I42: EN LÍNEA | J42: =IFERROR(VLOOKUP(K42,Docentes_Lista!$A$2:$C$212,2,FALSE),"") -> 0 | L42: =IFERROR(VLOOKUP(K42,Docentes_Lista!$A$2:$C$212,3,FALSE),"") -> 0
A43: 42 | B43: RED | C43: INF1-I | D43: Informática | E43: 07 | F43: 17:00-18:30 | G43: 90 min | H43: Lu-Mi | I43: EN LÍNEA | J43: =IFERROR(VLOOKUP(K43,Docentes_Lista!$A$2:$C$212,2,FALSE),"") -> 0 | L43: =IFERROR(VLOOKUP(K43,Docentes_Lista!$A$2:$C$212,3,FALSE),"") -> 0
A44: 43 | B44: RED | C44: INF1-I | D44: Informática | E44: 09 | F44: 18:40-20:10 | G44: 90 min | H44: Lu-Mi | I44: EN LÍNEA | J44: =IFERROR(VLOOKUP(K44,Docentes_Lista!$A$2:$C$212,2,FALSE),"") -> 0 | L44: =IFERROR(VLOOKUP(K44,Docentes_Lista!$A$2:$C$212,3,FALSE),"") -> 0
A45: 44 | B45: RED | C45: INF1-I | D45: Informática | E45: 02 | F45: 06:30-08:00 | G45: 90 min | H45: Ju-Ma | I45: Presencial | J45: =IFERROR(VLOOKUP(K45,Docentes_Lista!$A$2:$C$212,2,FALSE),"") -> 0 | L45: =IFERROR(VLOOKUP(K45,Docentes_Lista!$A$2:$C$212,3,FALSE),"") -> 0
A46: 45 | B46: RED | C46: INF1-I | D46: Informática | E46: 05 | F46: 08:00-09:30 | G46: 90 min | H46: Ju-Ma | I46: PRESENCIAL | J46: =IFERROR(VLOOKUP(K46,Docentes_Lista!$A$2:$C$212,2,FALSE),"") -> 0 | L46: =IFERROR(VLOOKUP(K46,Docentes_Lista!$A$2:$C$212,3,FALSE),"") -> 0
A47: 46 | B47: RED | C47: INF1-I | D47: Informática | E47: 08 | F47: 17:00-18:30 | G47: 90 min | H47: Ju-Ma | I47: EN LÍNEA | J47: =IFERROR(VLOOKUP(K47,Docentes_Lista!$A$2:$C$212,2,FALSE),"") -> 0 | L47: =IFERROR(VLOOKUP(K47,Docentes_Lista!$A$2:$C$212,3,FALSE),"") -> 0
A48: 47 | B48: RED | C48: INF1-I | D48: Informática | E48: 03 | F48: 06:30-08:00 | G48: 90 min | H48: Mi-Sa | I48: EN LÍNEA | J48: =IFERROR(VLOOKUP(K48,Docentes_Lista!$A$2:$C$212,2,FALSE),"") -> 0 | L48: =IFERROR(VLOOKUP(K48,Docentes_Lista!$A$2:$C$212,3,FALSE),"") -> 0
A49: 48 | B49: RED | C49: INF1-I | D49: Informática | E49: 10 | F49: 17:00-20:00 | G49: 180 min | H49: Vi | I49: EN LÍNEA | J49: =IFERROR(VLOOKUP(K49,Docentes_Lista!$A$2:$C$212,2,FALSE),"") -> 0 | L49: =IFERROR(VLOOKUP(K49,Docentes_Lista!$A$2:$C$212,3,FALSE),"") -> 0
A50: 49 | B50: RED | C50: INF1-I | D50: Informática | E50: 11 | F50: 16:00-19:00 | G50: 180 min | H50: Sa | I50: EN LÍNEA | J50: =IFERROR(VLOOKUP(K50,Docentes_Lista!$A$2:$C$212,2,FALSE),"") -> 0 | L50: =IFERROR(VLOOKUP(K50,Docentes_Lista!$A$2:$C$212,3,FALSE),"") -> 0
A51: 50 | B51: RED | C51: INF1-I | D51: Informática | E51: 12 | F51: 07:00-10:00 | G51: 180 min | H51: Do | I51: EN LÍNEA | J51: =IFERROR(VLOOKUP(K51,Docentes_Lista!$A$2:$C$212,2,FALSE),"") -> 0 | L51: =IFERROR(VLOOKUP(K51,Docentes_Lista!$A$2:$C$212,3,FALSE),"") -> 0
A52: 51 | B52: RED | C52: INF1-V | D52: Informática I (virtual) | E52: 01 | F52: 00:00-23:59 | H52: Do-Ju-Lu-Ma-Mi-Sa-Vi | I52: AULA VIRTUAL | J52: =IFERROR(VLOOKUP(K52,Docentes_Lista!$A$2:$C$212,2,FALSE),"") -> 0 | L52: =IFERROR(VLOOKUP(K52,Docentes_Lista!$A$2:$C$212,3,FALSE),"") -> 0
A53: 52 | B53: RED | C53: INF1-V | D53: Informática I (virtual) | E53: 02 | F53: 00:00-23:59 | H53: Do-Ju-Lu-Ma-Mi-Sa-Vi | I53: AULA VIRTUAL | J53: =IFERROR(VLOOKUP(K53,Docentes_Lista!$A$2:$C$212,2,FALSE),"") -> 0 | L53: =IFERROR(VLOOKUP(K53,Docentes_Lista!$A$2:$C$212,3,FALSE),"") -> 0
A54: 53 | B54: RED | C54: INF1-V | D54: Informática I (virtual) | E54: 03 | F54: 00:00-23:59 | H54: Do-Ju-Lu-Ma-Mi-Sa-Vi | I54: AULA VIRTUAL | J54: =IFERROR(VLOOKUP(K54,Docentes_Lista!$A$2:$C$212,2,FALSE),"") -> 0 | L54: =IFERROR(VLOOKUP(K54,Docentes_Lista!$A$2:$C$212,3,FALSE),"") -> 0
A55: 54 | B55: RED | C55: INF1-V | D55: Informática I (virtual) | E55: 04 | F55: 00:00-23:59 | H55: Do-Ju-Lu-Ma-Mi-Sa-Vi | I55: AULA VIRTUAL | J55: =IFERROR(VLOOKUP(K55,Docentes_Lista!$A$2:$C$212,2,FALSE),"") -> 0 | L55: =IFERROR(VLOOKUP(K55,Docentes_Lista!$A$2:$C$212,3,FALSE),"") -> 0
A56: 55 | B56: RED | C56: INF1-V | D56: Informática I (virtual) | E56: 05 | F56: 00:00-23:59 | H56: Do-Ju-Lu-Ma-Mi-Sa-Vi | I56: AULA VIRTUAL | J56: =IFERROR(VLOOKUP(K56,Docentes_Lista!$A$2:$C$212,2,FALSE),"") -> 0 | L56: =IFERROR(VLOOKUP(K56,Docentes_Lista!$A$2:$C$212,3,FALSE),"") -> 0
A57: 56 | B57: RED | C57: INFG-V | D57: Informática General (virtual) | E57: 01 | F57: 00:00-23:59 | H57: Do-Ju-Lu-Ma-Mi-Sa-Vi | I57: AULA VIRTUAL | J57: =IFERROR(VLOOKUP(K57,Docentes_Lista!$A$2:$C$212,2,FALSE),"") -> 0 | L57: =IFERROR(VLOOKUP(K57,Docentes_Lista!$A$2:$C$212,3,FALSE),"") -> 0
A58: 57 | B58: RED | C58: INT1-E | D58: Internet I | E58: 01 | F58: 06:30-08:00 | G58: 90 min | H58: Lu-Vi | I58: PRESENCIAL | J58: =IFERROR(VLOOKUP(K58,Docentes_Lista!$A$2:$C$212,2,FALSE),"") -> 0 | L58: =IFERROR(VLOOKUP(K58,Docentes_Lista!$A$2:$C$212,3,FALSE),"") -> 0
A59: 58 | B59: ELE | C59: LEMA-V | D59: Lenguaje De Maquina (virtual) | E59: 01 | F59: 00:00-23:59 | H59: Do-Ju-Lu-Ma-Mi-Sa-Vi | I59: AULA VIRTUAL | J59: =IFERROR(VLOOKUP(K59,Docentes_Lista!$A$2:$C$212,2,FALSE),"") -> 0 | L59: =IFERROR(VLOOKUP(K59,Docentes_Lista!$A$2:$C$212,3,FALSE),"") -> 0
A60: 59 | B60: PRO | C60: LOCO-V | D60: Lógica Computacional | E60: 01 | F60: 00:00-23:59 | H60: Do-Ju-Lu-Ma-Mi-Sa-Vi | I60: AULA VIRTUAL | J60: =IFERROR(VLOOKUP(K60,Docentes_Lista!$A$2:$C$212,2,FALSE),"") -> 0 | L60: =IFERROR(VLOOKUP(K60,Docentes_Lista!$A$2:$C$212,3,FALSE),"") -> 0
A61: 60 | B61: RED | C61: OCOM-V | D61: Organización De Las Computadoras (virtual) | E61: 01 | F61: 00:00-23:59 | H61: Do-Ju-Lu-Ma-Mi-Sa-Vi | I61: AULA VIRTUAL | J61: =IFERROR(VLOOKUP(K61,Docentes_Lista!$A$2:$C$212,2,FALSE),"") -> 0 | L61: =IFERROR(VLOOKUP(K61,Docentes_Lista!$A$2:$C$212,3,FALSE),"") -> 0
A62: 61 | B62: DES | C62: OTSO-V | D62: Orientación Técnica Del Software | E62: 01 | F62: 00:00-23:59 | H62: Do-Ju-Lu-Ma-Mi-Sa-Vi | I62: AULA VIRTUAL | J62: =IFERROR(VLOOKUP(K62,Docentes_Lista!$A$2:$C$212,2,FALSE),"") -> 0 | L62: =IFERROR(VLOOKUP(K62,Docentes_Lista!$A$2:$C$212,3,FALSE),"") -> 0
A63: 62 | B63: PRO | C63: PROE-I | D63: Programación Orientada A Objetos | E63: 01 | F63: 09:45-11:15 | G63: 90 min | H63: Lu-Vi | I63: PRESENCIAL | J63: =IFERROR(VLOOKUP(K63,Docentes_Lista!$A$2:$C$212,2,FALSE),"") -> 0 | L63: =IFERROR(VLOOKUP(K63,Docentes_Lista!$A$2:$C$212,3,FALSE),"") -> 0
A64: 63 | B64: PRO | C64: PROE-I | D64: Programación Orientada A Objetos | E64: 02 | F64: 17:00-18:30 | G64: 90 min | H64: Lu-Mi | I64: PRESENCIAL | J64: =IFERROR(VLOOKUP(K64,Docentes_Lista!$A$2:$C$212,2,FALSE),"") -> 0 | L64: =IFERROR(VLOOKUP(K64,Docentes_Lista!$A$2:$C$212,3,FALSE),"") -> 0
A65: 64 | B65: PRO | C65: PROE-I | D65: Programación Orientada A Objetos | E65: 03 | F65: 18:40-20:10 | G65: 90 min | H65: Ju-Ma | I65: PRESENCIAL | J65: =IFERROR(VLOOKUP(K65,Docentes_Lista!$A$2:$C$212,2,FALSE),"") -> 0 | L65: =IFERROR(VLOOKUP(K65,Docentes_Lista!$A$2:$C$212,3,FALSE),"") -> 0
A66: 65 | B66: PRO | C66: PROE-I | D66: Programación Orientada A Objetos | E66: 04 | F66: 13:00-16:00 | G66: 180 min | H66: Sa | I66: PRESENCIAL | J66: =IFERROR(VLOOKUP(K66,Docentes_Lista!$A$2:$C$212,2,FALSE),"") -> 0 | L66: =IFERROR(VLOOKUP(K66,Docentes_Lista!$A$2:$C$212,3,FALSE),"") -> 0
A67: 66 | B67: PRO | C67: PROE-V | D67: Programación Orientada A Objetos | E67: 01 | F67: 00:00-23:59 | H67: Do-Ju-Lu-Ma-Mi-Sa-Vi | I67: AULA VIRTUAL | J67: =IFERROR(VLOOKUP(K67,Docentes_Lista!$A$2:$C$212,2,FALSE),"") -> 0 | L67: =IFERROR(VLOOKUP(K67,Docentes_Lista!$A$2:$C$212,3,FALSE),"") -> 0
A68: 67 | B68: PRO | C68: PROE-V | D68: Programación Orientada A Objetos | E68: 02 | F68: 00:00-23:59 | H68: Do-Ju-Lu-Ma-Mi-Sa-Vi | I68: AULA VIRTUAL | J68: =IFERROR(VLOOKUP(K68,Docentes_Lista!$A$2:$C$212,2,FALSE),"") -> 0 | L68: =IFERROR(VLOOKUP(K68,Docentes_Lista!$A$2:$C$212,3,FALSE),"") -> 0
A69: 68 | B69: PRO | C69: PROG1-I | D69: Programación I | E69: 01 | F69: 06:30-08:00 | G69: 90 min | H69: Lu-Vi | I69: PRESENCIAL | J69: =IFERROR(VLOOKUP(K69,Docentes_Lista!$A$2:$C$212,2,FALSE),"") -> 0 | L69: =IFERROR(VLOOKUP(K69,Docentes_Lista!$A$2:$C$212,3,FALSE),"") -> 0
A70: 69 | B70: PRO | C70: PROG1-I | D70: Programación I | E70: 02 | F70: 08:00-09:30 | G70: 90 min | H70: Ju-Ma | I70: PRESENCIAL | J70: =IFERROR(VLOOKUP(K70,Docentes_Lista!$A$2:$C$212,2,FALSE),"") -> 0 | L70: =IFERROR(VLOOKUP(K70,Docentes_Lista!$A$2:$C$212,3,FALSE),"") -> 0
A71: 70 | B71: PRO | C71: PROG1-I | D71: Programación I | E71: 03 | F71: 16:00-19:00 | G71: 180 min | H71: Sa | I71: PRESENCIAL | J71: =IFERROR(VLOOKUP(K71,Docentes_Lista!$A$2:$C$212,2,FALSE),"") -> 0 | L71: =IFERROR(VLOOKUP(K71,Docentes_Lista!$A$2:$C$212,3,FALSE),"") -> 0
A72: 71 | B72: PRO | C72: PROG1-V | D72: Programación I | E72: 01 | F72: 00:00-23:59 | H72: Do-Ju-Lu-Ma-Mi-Sa-Vi | I72: AULA VIRTUAL | J72: =IFERROR(VLOOKUP(K72,Docentes_Lista!$A$2:$C$212,2,FALSE),"") -> 0 | L72: =IFERROR(VLOOKUP(K72,Docentes_Lista!$A$2:$C$212,3,FALSE),"") -> 0
A73: 72 | B73: PRO | C73: PROG2-I | D73: Programación II | E73: 01 | F73: 06:30-08:00 | G73: 90 min | H73: Lu-Vi | I73: PRESENCIAL | J73: =IFERROR(VLOOKUP(K73,Docentes_Lista!$A$2:$C$212,2,FALSE),"") -> 0 | L73: =IFERROR(VLOOKUP(K73,Docentes_Lista!$A$2:$C$212,3,FALSE),"") -> 0
A74: 73 | B74: PRO | C74: PROG2-I | D74: Programación II | E74: 02 | F74: 18:40-20:10 | G74: 90 min | H74: Lu-Mi | I74: PRESENCIAL | J74: =IFERROR(VLOOKUP(K74,Docentes_Lista!$A$2:$C$212,2,FALSE),"") -> 0 | L74: =IFERROR(VLOOKUP(K74,Docentes_Lista!$A$2:$C$212,3,FALSE),"") -> 0
A75: 74 | B75: PRO | C75: PROG2-I | D75: Programación II | E75: 03 | F75: 16:00-19:00 | G75: 180 min | H75: Sa | I75: PRESENCIAL | J75: =IFERROR(VLOOKUP(K75,Docentes_Lista!$A$2:$C$212,2,FALSE),"") -> 0 | L75: =IFERROR(VLOOKUP(K75,Docentes_Lista!$A$2:$C$212,3,FALSE),"") -> 0
A76: 75 | B76: PRO | C76: PROG2-V | D76: Programación II (virtual) | E76: 01 | F76: 00:00-23:59 | H76: Do-Ju-Lu-Ma-Mi-Sa-Vi | I76: AULA VIRTUAL | J76: =IFERROR(VLOOKUP(K76,Docentes_Lista!$A$2:$C$212,2,FALSE),"") -> 0 | L76: =IFERROR(VLOOKUP(K76,Docentes_Lista!$A$2:$C$212,3,FALSE),"") -> 0
A77: 76 | B77: PRO | C77: PROG2-V | D77: Programación II (virtual) | E77: 02 | F77: 00:00-23:59 | H77: Do-Ju-Lu-Ma-Mi-Sa-Vi | I77: AULA VIRTUAL | J77: =IFERROR(VLOOKUP(K77,Docentes_Lista!$A$2:$C$212,2,FALSE),"") -> 0 | L77: =IFERROR(VLOOKUP(K77,Docentes_Lista!$A$2:$C$212,3,FALSE),"") -> 0
A78: 77 | B78: PRO | C78: PROG3-V | D78: Programación III (virtual) | E78: 01 | F78: 00:00-23:59 | H78: Do-Ju-Lu-Ma-Mi-Sa-Vi | I78: AULA VIRTUAL | J78: =IFERROR(VLOOKUP(K78,Docentes_Lista!$A$2:$C$212,2,FALSE),"") -> 0 | L78: =IFERROR(VLOOKUP(K78,Docentes_Lista!$A$2:$C$212,3,FALSE),"") -> 0
A79: 78 | B79: PRO | C79: PROG4-V | D79: Programación IV | E79: 01 | F79: 00:00-23:59 | H79: Do-Ju-Lu-Ma-Mi-Sa-Vi | I79: AULA VIRTUAL | J79: =IFERROR(VLOOKUP(K79,Docentes_Lista!$A$2:$C$212,2,FALSE),"") -> 0 | L79: =IFERROR(VLOOKUP(K79,Docentes_Lista!$A$2:$C$212,3,FALSE),"") -> 0
A80: 79 | B80: RED | C80: RED1-V | D80: Redes I (virtual) | E80: 01 | F80: 00:00-23:59 | H80: Do-Ju-Lu-Ma-Mi-Sa-Vi | I80: AULA VIRTUAL | J80: =IFERROR(VLOOKUP(K80,Docentes_Lista!$A$2:$C$212,2,FALSE),"") -> 0 | L80: =IFERROR(VLOOKUP(K80,Docentes_Lista!$A$2:$C$212,3,FALSE),"") -> 0
A81: 80 | B81: RED | C81: RED1-V | D81: Redes I (virtual) | E81: 02 | F81: 00:00-23:59 | H81: Do-Ju-Lu-Ma-Mi-Sa-Vi | I81: AULA VIRTUAL | J81: =IFERROR(VLOOKUP(K81,Docentes_Lista!$A$2:$C$212,2,FALSE),"") -> 0 | L81: =IFERROR(VLOOKUP(K81,Docentes_Lista!$A$2:$C$212,3,FALSE),"") -> 0
A82: 81 | B82: RED | C82: RED2-V | D82: Redes II (virtual) | E82: 01 | F82: 00:00-23:59 | H82: Do-Ju-Lu-Ma-Mi-Sa-Vi | I82: AULA VIRTUAL | J82: =IFERROR(VLOOKUP(K82,Docentes_Lista!$A$2:$C$212,2,FALSE),"") -> 0 | L82: =IFERROR(VLOOKUP(K82,Docentes_Lista!$A$2:$C$212,3,FALSE),"") -> 0
A83: 82 | B83: DES | C83: SINF-V | D83: Sistemas De Información Gerencial | E83: 01 | F83: 00:00-23:59 | H83: Do-Ju-Lu-Ma-Mi-Sa-Vi | I83: AULA VIRTUAL | J83: =IFERROR(VLOOKUP(K83,Docentes_Lista!$A$2:$C$212,2,FALSE),"") -> 0 | L83: =IFERROR(VLOOKUP(K83,Docentes_Lista!$A$2:$C$212,3,FALSE),"") -> 0
A84: 83 | B84: RED | C84: SIOPA-V | D84: Sistemas Operativos (virtual) | E84: 01 | F84: 00:00-23:59 | H84: Do-Ju-Lu-Ma-Mi-Sa-Vi | I84: AULA VIRTUAL | J84: =IFERROR(VLOOKUP(K84,Docentes_Lista!$A$2:$C$212,2,FALSE),"") -> 0 | L84: =IFERROR(VLOOKUP(K84,Docentes_Lista!$A$2:$C$212,3,FALSE),"") -> 0
A85: 84 | B85: RED | C85: SIOP-I | D85: Sistemas Operativos | E85: 01 | F85: 20:30-22:00 | G85: 90 min | H85: Lu-Mi | I85: EN LÍNEA | J85: =IFERROR(VLOOKUP(K85,Docentes_Lista!$A$2:$C$212,2,FALSE),"") -> 0 | L85: =IFERROR(VLOOKUP(K85,Docentes_Lista!$A$2:$C$212,3,FALSE),"") -> 0
A86: 85 | B86: RED | C86: SIOP-V | D86: Sistemas Operativos (virtual) | E86: 01 | F86: 00:00-23:59 | H86: Do-Ju-Lu-Ma-Mi-Sa-Vi | I86: AULA VIRTUAL | J86: =IFERROR(VLOOKUP(K86,Docentes_Lista!$A$2:$C$212,2,FALSE),"") -> 0 | L86: =IFERROR(VLOOKUP(K86,Docentes_Lista!$A$2:$C$212,3,FALSE),"") -> 0
A87: 86 | B87: DES | C87: SIPTD-V | D87: Sistemas Para La Toma De Decisiones | E87: 01 | F87: 00:00-23:59 | H87: Do-Ju-Lu-Ma-Mi-Sa-Vi | I87: AULA VIRTUAL | J87: =IFERROR(VLOOKUP(K87,Docentes_Lista!$A$2:$C$212,2,FALSE),"") -> 0 | L87: =IFERROR(VLOOKUP(K87,Docentes_Lista!$A$2:$C$212,3,FALSE),"") -> 0
A88: 87 | B88: RED | C88: STRE-T | D88: Soporte Técnico De Red | E88: 01 | F88: 17:00-18:30 | G88: 90 min | H88: Lu-Mi-Sa | I88: EN LÍNEA | J88: =IFERROR(VLOOKUP(K88,Docentes_Lista!$A$2:$C$212,2,FALSE),"") -> 0 | L88: =IFERROR(VLOOKUP(K88,Docentes_Lista!$A$2:$C$212,3,FALSE),"") -> 0
A89: 88 | B89: DES | C89: TETC-V | D89: Tendencias Tecnológicas Y De Management | E89: 01 | F89: 00:00-23:59 | H89: Do-Ju-Lu-Ma-Mi-Sa-Vi | I89: AULA VIRTUAL | J89: =IFERROR(VLOOKUP(K89,Docentes_Lista!$A$2:$C$212,2,FALSE),"") -> 0 | L89: =IFERROR(VLOOKUP(K89,Docentes_Lista!$A$2:$C$212,3,FALSE),"") -> 0
A90: 89 | B90: RED | C90: TICO-V | D90: Tecnología De La Información En Las Comunicaciones (virtual) | E90: 01 | F90: 00:00-23:59 | H90: Do-Ju-Lu-Ma-Mi-Sa-Vi | I90: AULA VIRTUAL | J90: =IFERROR(VLOOKUP(K90,Docentes_Lista!$A$2:$C$212,2,FALSE),"") -> 0 | L90: =IFERROR(VLOOKUP(K90,Docentes_Lista!$A$2:$C$212,3,FALSE),"") -> 0
A91: 90 | B91: PRO | C91: TPR1-V | D91: Técnicas De Programación I (virtual) | E91: 01 | F91: 00:00-23:59 | H91: Do-Ju-Lu-Ma-Mi-Sa-Vi | I91: AULA VIRTUAL | J91: =IFERROR(VLOOKUP(K91,Docentes_Lista!$A$2:$C$212,2,FALSE),"") -> 0 | L91: =IFERROR(VLOOKUP(K91,Docentes_Lista!$A$2:$C$212,3,FALSE),"") -> 0
A92: 91 | B92: PRO | C92: TPR2-V | D92: Técnicas De Programación II (virtual) | E92: 01 | F92: 00:00-23:59 | H92: Do-Ju-Lu-Ma-Mi-Sa-Vi | I92: AULA VIRTUAL | J92: =IFERROR(VLOOKUP(K92,Docentes_Lista!$A$2:$C$212,2,FALSE),"") -> 0 | L92: =IFERROR(VLOOKUP(K92,Docentes_Lista!$A$2:$C$212,3,FALSE),"") -> 0
A93: 92 | B93: DES | C93: UML-V | D93: Lenguaje Unificado De Modelado (uml) | E93: 01 | F93: 00:00-23:59 | H93: Do-Ju-Lu-Ma-Mi-Sa-Vi | I93: AULA VIRTUAL | J93: =IFERROR(VLOOKUP(K93,Docentes_Lista!$A$2:$C$212,2,FALSE),"") -> 0 | L93: =IFERROR(VLOOKUP(K93,Docentes_Lista!$A$2:$C$212,3,FALSE),"") -> 0
A94: 93 | B94: DES | C94: ET2BD-T | D94: Análisis De Datos En Proyectos De Big Data | E94: 01 | F94: 18:40-20:10 | G94: 90 min | H94: Lu | I94: EN LÍNEA | J94: =IFERROR(VLOOKUP(K94,Docentes_Lista!$A$2:$C$212,2,FALSE),"") -> 0 | L94: =IFERROR(VLOOKUP(K94,Docentes_Lista!$A$2:$C$212,3,FALSE),"") -> 0
A95: 94 | B95: ELE | C95: AUTO-V | D95: Automatización Industrial Y Robótica (virtual) | E95: 01 | F95: 00:00-23:59 | H95: Do-Ju-Lu-Ma-Mi-Sa-Vi | I95: AULA VIRTUAL | J95: =IFERROR(VLOOKUP(K95,Docentes_Lista!$A$2:$C$212,2,FALSE),"") -> 0 | L95: =IFERROR(VLOOKUP(K95,Docentes_Lista!$A$2:$C$212,3,FALSE),"") -> 0
A96: 95 | B96: RED | C96: INF1I-V | D96: Informática I (virtual) | E96: 01 | F96: 00:00-23:59 | H96: Do-Ju-Lu-Ma-Mi-Sa-Vi | I96: AULA VIRTUAL | J96: =IFERROR(VLOOKUP(K96,Docentes_Lista!$A$2:$C$212,2,FALSE),"") -> 0 | L96: =IFERROR(VLOOKUP(K96,Docentes_Lista!$A$2:$C$212,3,FALSE),"") -> 0
A97: 96 | B97: PRO | C97: LOAP-I | D97: Lógica Aplicada | E97: 01 | F97: 18:40-20:10 | G97: 90 min | H97: Lu-Mi | I97: EN LÍNEA | J97: =IFERROR(VLOOKUP(K97,Docentes_Lista!$A$2:$C$212,2,FALSE),"") -> 0 | L97: =IFERROR(VLOOKUP(K97,Docentes_Lista!$A$2:$C$212,3,FALSE),"") -> 0
A98: 97 | B98: PRO | C98: MYTI-I | D98: Metodología Y Técnicas De La Investigación | E98: 03 | F98: 18:40-20:10 | G98: 90 min | H98: Lu-Mi | I98: EN LÍNEA | J98: =IFERROR(VLOOKUP(K98,Docentes_Lista!$A$2:$C$212,2,FALSE),"") -> 0 | L98: =IFERROR(VLOOKUP(K98,Docentes_Lista!$A$2:$C$212,3,FALSE),"") -> 0
A99: 98 | B99: PRO | C99: MYTI-I | D99: Metodología Y Técnicas De La Investigación | E99: 02 | F99: 17:00-18:30 | G99: 90 min | H99: Ju-Ma | I99: EN LÍNEA | J99: =IFERROR(VLOOKUP(K99,Docentes_Lista!$A$2:$C$212,2,FALSE),"") -> 0 | L99: =IFERROR(VLOOKUP(K99,Docentes_Lista!$A$2:$C$212,3,FALSE),"") -> 0
A100: 99 | B100: PRO | C100: MYTI-I | D100: Metodología Y Técnicas De La Investigación | E100: 01 | F100: 06:30-08:00 | G100: 90 min | H100: Mi-Sa | I100: EN LÍNEA | J100: =IFERROR(VLOOKUP(K100,Docentes_Lista!$A$2:$C$212,2,FALSE),"") -> 0 | L100: =IFERROR(VLOOKUP(K100,Docentes_Lista!$A$2:$C$212,3,FALSE),"") -> 0
...

Sheet Docentes_Lista
A1: DOCENTE (Clave) | B1: TITULO | C1: ID_DOCENTE
A2: Adalberto Cortez Portillo | B2: Ing. | C2: 1
A3: Adolfo José Araujo Jaimes | B3: Ing. | C3: 2
A4: Aldo Rene Guevara Ramos | B4: Ing. | C4: 3
A5: Alfredo Omar Rodriguez Torres | B5: Ing. | C5: 4
A6: Alicia Del Carmen Martinez De Lopez | B6: Lda. | C6: 5
A7: Amílcar Alfredo Chavarria Cruz | B7: Ing. | C7: 7
A8: Ana Carolina Aguilar De Ramírez | B8: Lda. | C8: 9
A9: Ana Cecilia De Ramirez | B9: Lda. | C9: 8
A10: Ana Elizabeth Villalta Lopez | B10: Lda. | C10: 10
A11: Ana Marcela Argueta Meléndez | B11: Lda. | C11: 11
A12: Ana María Alvarado De Aguilar | B12: Lda. | C12: 12
A13: Ana Patricia Vásquez Cruz | B13: Arq. | C13: 13
... A212: Óscar Geovanni Álvarez Carlos | B212: Arq. | C212: 169
